text,label
Security Alert: Unauthorized login from Russia. Verify your Google account: http://google-security.ml/verify !,1
Our offices will be closed on Monday for the public holiday. Regular hours resume Tuesday. !,0
Please enter your username and password to access the secure portal immediately.,1
Please enter your username and password to access the secure portal immediately.,1
Following up on our meeting from last Tuesday — can we schedule a call this week to discuss the roadmap?,0
"Your order #12345 has shipped! Expected delivery: Friday, September 6. Track at fedex.com/tracking. Act now.",0
Congratulations! You've won a $1000 Amazon gift card. Click here to claim: http://amaz0n-gifts.ml/claim !,1
The project deadline has been moved to October 15. Please update your timelines accordingly.,0
Welcome to the team! Your onboarding schedule is attached. Looking forward to working with you.,0
IMPORTANT: Your Netflix subscription will expire. Update billing: http://netflix-billing.xyz/update !,1
Your bank account has been compromised. Verify your identity within 24 hours: http://192.168.1.1/bank-verify,1
Your session expired. Enter your login credentials to continue: http://bit.ly/secure-login,1
Win a FREE iPhone 15! Limited time offer — click here to enter now!,1
"Dear account holder, unusual activity detected. Confirm your routing number and SSN.",1
"Dear valued customer, your Apple ID has been locked. Please verify your credentials: http://apple-id.support-login.tk",1
"Dear account holder, unusual activity detected. Confirm your routing number and SSN.",1
IMPORTANT: Your Netflix subscription will expire. Update billing: http://netflix-billing.xyz/update,1
"IRS Notice: You owe $2,340 in back taxes. Pay immediately to avoid arrest: http://irs-payment.tk/pay",1
Please find the updated project timeline in the shared drive. All milestones have been reviewed.,0
"IRS Notice: You owe $2,340 in back taxes. Pay immediately to avoid arrest: http://irs-payment.tk/pay Act now.",1
Thank you for your purchase. Your receipt is attached. Contact support@company.com with questions.,0
Your monthly statement is ready. Log in at chase.com to view your transactions.,0
"Your order #12345 has shipped! Expected delivery: Friday, September 6. Track at fedex.com/tracking.",0
URGENT: Verify your PayPal account immediately or it will be suspended. Click here: http://paypa1.secure-login.xyz/verify,1
URGENT: Verify your PayPal account immediately or it will be suspended. Click here: http://paypa1.secure-login.xyz/verify,1
"Your order #12345 has shipped! Expected delivery: Friday, September 6. Track at fedex.com/tracking.",0
Action Required: Your Microsoft account shows suspicious activity. Update your password now: http://microsoft-secure.cf/update Please respond.,1
Thank you for your purchase. Your receipt is attached. Contact support@company.com with questions.,0
URGENT: Verify your PayPal account immediately or it will be suspended. Click here: http://paypa1.secure-login.xyz/verify,1
Reminder: All hands meeting tomorrow at 2pm in Conference Room B. Agenda attached. !,0
Your session expired. Enter your login credentials to continue: http://bit.ly/secure-login Please respond.,1
Action Required: Your Microsoft account shows suspicious activity. Update your password now: http://microsoft-secure.cf/update !,1
Reminder: All hands meeting tomorrow at 2pm in Conference Room B. Agenda attached.,0
"Your subscription has been renewed successfully. Next billing date: October 1, 2026.",0
Your password will expire in 24 hours. Click to renew: http://office365.secure-portal.xyz/renew,1
Congratulations on completing the training module! Your certificate is attached.,0
"Hi team, please find attached the Q3 financial report for your review. Let me know if you have questions.",0
Our offices will be closed on Monday for the public holiday. Regular hours resume Tuesday.,0
Your session expired. Enter your login credentials to continue: http://bit.ly/secure-login Act now.,1
Welcome to the team! Your onboarding schedule is attached. Looking forward to working with you.,0
URGENT: Verify your PayPal account immediately or it will be suspended. Click here: http://paypa1.secure-login.xyz/verify,1
"Hi team, please find attached the Q3 financial report for your review. Let me know if you have questions.",0
Your password will expire in 24 hours. Click to renew: http://office365.secure-portal.xyz/renew,1
Win a FREE iPhone 15! Limited time offer — click here to enter now! Please respond.,1
"Dear User, your DHL package is on hold. Confirm your address: http://dhl-delivery.cf/confirm",1
Welcome to the team! Your onboarding schedule is attached. Looking forward to working with you.,0
Security Alert: Unauthorized login from Russia. Verify your Google account: http://google-security.ml/verify,1
"Dear valued customer, your Apple ID has been locked. Please verify your credentials: http://apple-id.support-login.tk !",1
Win a FREE iPhone 15! Limited time offer — click here to enter now!,1
Your bank account has been compromised. Verify your identity within 24 hours: http://192.168.1.1/bank-verify,1
The server maintenance window is scheduled for this Saturday 2am-4am UTC.,0
Congratulations! You've won a $1000 Amazon gift card. Click here to claim: http://amaz0n-gifts.ml/claim,1
Your monthly statement is ready. Log in at chase.com to view your transactions.,0
Please find the updated project timeline in the shared drive. All milestones have been reviewed.,0
"Dear valued customer, your Apple ID has been locked. Please verify your credentials: http://apple-id.support-login.tk",1
Please review and sign the attached NDA before our partnership discussion next week.,0
The server maintenance window is scheduled for this Saturday 2am-4am UTC.,0
Your password will expire in 24 hours. Click to renew: http://office365.secure-portal.xyz/renew Please respond.,1
URGENT: Verify your PayPal account immediately or it will be suspended. Click here: http://paypa1.secure-login.xyz/verify,1
Please review and sign the attached NDA before our partnership discussion next week. Act now.,0
Please enter your username and password to access the secure portal immediately.,1
FINAL NOTICE: Your account is suspended! Verify credit card details now to restore access.,1
IMPORTANT: Your Netflix subscription will expire. Update billing: http://netflix-billing.xyz/update Act now.,1
"IRS Notice: You owe $2,340 in back taxes. Pay immediately to avoid arrest: http://irs-payment.tk/pay",1
Our offices will be closed on Monday for the public holiday. Regular hours resume Tuesday.,0
The project deadline has been moved to October 15. Please update your timelines accordingly.,0
Action Required: Your Microsoft account shows suspicious activity. Update your password now: http://microsoft-secure.cf/update Act now.,1
Happy to help! I have forwarded your request to the appropriate team. Expect a response within 2 business days. !,0
Action Required: Your Microsoft account shows suspicious activity. Update your password now: http://microsoft-secure.cf/update !,1
Happy to help! I have forwarded your request to the appropriate team. Expect a response within 2 business days.,0
The project deadline has been moved to October 15. Please update your timelines accordingly.,0
Thank you for your purchase. Your receipt is attached. Contact support@company.com with questions. Act now.,0
The server maintenance window is scheduled for this Saturday 2am-4am UTC.,0
Following up on our meeting from last Tuesday — can we schedule a call this week to discuss the roadmap?,0
Please find the updated project timeline in the shared drive. All milestones have been reviewed.,0
Your monthly statement is ready. Log in at chase.com to view your transactions.,0
Congratulations! You've won a $1000 Amazon gift card. Click here to claim: http://amaz0n-gifts.ml/claim,1
Your session expired. Enter your login credentials to continue: http://bit.ly/secure-login,1
Thank you for your purchase. Your receipt is attached. Contact support@company.com with questions.,0
Congratulations on completing the training module! Your certificate is attached.,0
Our offices will be closed on Monday for the public holiday. Regular hours resume Tuesday.,0
IMPORTANT: Your Netflix subscription will expire. Update billing: http://netflix-billing.xyz/update,1
Thank you for your purchase. Your receipt is attached. Contact support@company.com with questions.,0
"Hi team, please find attached the Q3 financial report for your review. Let me know if you have questions.",0
"Dear valued customer, your Apple ID has been locked. Please verify your credentials: http://apple-id.support-login.tk",1
The project deadline has been moved to October 15. Please update your timelines accordingly.,0
"Your order #12345 has shipped! Expected delivery: Friday, September 6. Track at fedex.com/tracking.",0
Your password will expire in 24 hours. Click to renew: http://office365.secure-portal.xyz/renew Please respond.,1
Happy to help! I have forwarded your request to the appropriate team. Expect a response within 2 business days.,0
"Hi team, please find attached the Q3 financial report for your review. Let me know if you have questions.",0
"Your subscription has been renewed successfully. Next billing date: October 1, 2026. Act now.",0
Following up on our meeting from last Tuesday — can we schedule a call this week to discuss the roadmap?,0
Your monthly statement is ready. Log in at chase.com to view your transactions.,0
Please find the updated project timeline in the shared drive. All milestones have been reviewed.,0
Your bank account has been compromised. Verify your identity within 24 hours: http://192.168.1.1/bank-verify,1
Congratulations on completing the training module! Your certificate is attached.,0
Our offices will be closed on Monday for the public holiday. Regular hours resume Tuesday.,0
Security Alert: Unauthorized login from Russia. Verify your Google account: http://google-security.ml/verify Act now.,1
Reminder: All hands meeting tomorrow at 2pm in Conference Room B. Agenda attached.,0
Your bank account has been compromised. Verify your identity within 24 hours: http://192.168.1.1/bank-verify,1
"Dear User, your DHL package is on hold. Confirm your address: http://dhl-delivery.cf/confirm",1
The project deadline has been moved to October 15. Please update your timelines accordingly.,0
Reminder: All hands meeting tomorrow at 2pm in Conference Room B. Agenda attached. Act now.,0
"Your subscription has been renewed successfully. Next billing date: October 1, 2026.",0
Win a FREE iPhone 15! Limited time offer — click here to enter now!,1
Win a FREE iPhone 15! Limited time offer — click here to enter now!,1
The server maintenance window is scheduled for this Saturday 2am-4am UTC. !,0
Your monthly statement is ready. Log in at chase.com to view your transactions.,0
"IRS Notice: You owe $2,340 in back taxes. Pay immediately to avoid arrest: http://irs-payment.tk/pay",1
Reminder: All hands meeting tomorrow at 2pm in Conference Room B. Agenda attached. Please respond.,0
"Dear account holder, unusual activity detected. Confirm your routing number and SSN.",1
Congratulations! You've won a $1000 Amazon gift card. Click here to claim: http://amaz0n-gifts.ml/claim,1
"Hi team, please find attached the Q3 financial report for your review. Let me know if you have questions.",0
Your session expired. Enter your login credentials to continue: http://bit.ly/secure-login,1
"Your subscription has been renewed successfully. Next billing date: October 1, 2026.",0
Your password will expire in 24 hours. Click to renew: http://office365.secure-portal.xyz/renew,1
"Dear User, your DHL package is on hold. Confirm your address: http://dhl-delivery.cf/confirm",1
Following up on our meeting from last Tuesday — can we schedule a call this week to discuss the roadmap?,0
Please review and sign the attached NDA before our partnership discussion next week. Please respond.,0
Thank you for your purchase. Your receipt is attached. Contact support@company.com with questions.,0
The server maintenance window is scheduled for this Saturday 2am-4am UTC. Please respond.,0
"Hi team, please find attached the Q3 financial report for your review. Let me know if you have questions.",0
Congratulations on completing the training module! Your certificate is attached.,0
"IRS Notice: You owe $2,340 in back taxes. Pay immediately to avoid arrest: http://irs-payment.tk/pay",1
The project deadline has been moved to October 15. Please update your timelines accordingly.,0
Congratulations! You've won a $1000 Amazon gift card. Click here to claim: http://amaz0n-gifts.ml/claim,1
Your bank account has been compromised. Verify your identity within 24 hours: http://192.168.1.1/bank-verify,1
The server maintenance window is scheduled for this Saturday 2am-4am UTC. !,0
Following up on our meeting from last Tuesday — can we schedule a call this week to discuss the roadmap?,0
Happy to help! I have forwarded your request to the appropriate team. Expect a response within 2 business days.,0
"Dear account holder, unusual activity detected. Confirm your routing number and SSN. !",1
Your bank account has been compromised. Verify your identity within 24 hours: http://192.168.1.1/bank-verify,1
"Dear User, your DHL package is on hold. Confirm your address: http://dhl-delivery.cf/confirm",1
"Dear User, your DHL package is on hold. Confirm your address: http://dhl-delivery.cf/confirm !",1
URGENT: Verify your PayPal account immediately or it will be suspended. Click here: http://paypa1.secure-login.xyz/verify Please respond.,1
Congratulations! You've won a $1000 Amazon gift card. Click here to claim: http://amaz0n-gifts.ml/claim,1
FINAL NOTICE: Your account is suspended! Verify credit card details now to restore access.,1
Your bank account has been compromised. Verify your identity within 24 hours: http://192.168.1.1/bank-verify,1
Congratulations on completing the training module! Your certificate is attached.,0
Your monthly statement is ready. Log in at chase.com to view your transactions.,0
Please find the updated project timeline in the shared drive. All milestones have been reviewed.,0
Please enter your username and password to access the secure portal immediately. Act now.,1
Welcome to the team! Your onboarding schedule is attached. Looking forward to working with you.,0
Welcome to the team! Your onboarding schedule is attached. Looking forward to working with you.,0
Your session expired. Enter your login credentials to continue: http://bit.ly/secure-login,1
"Dear account holder, unusual activity detected. Confirm your routing number and SSN. !",1
Please review and sign the attached NDA before our partnership discussion next week.,0
Action Required: Your Microsoft account shows suspicious activity. Update your password now: http://microsoft-secure.cf/update,1
Congratulations! You've won a $1000 Amazon gift card. Click here to claim: http://amaz0n-gifts.ml/claim,1
"Your subscription has been renewed successfully. Next billing date: October 1, 2026.",0
Action Required: Your Microsoft account shows suspicious activity. Update your password now: http://microsoft-secure.cf/update Act now.,1
URGENT: Verify your PayPal account immediately or it will be suspended. Click here: http://paypa1.secure-login.xyz/verify,1
Thank you for your purchase. Your receipt is attached. Contact support@company.com with questions.,0
IMPORTANT: Your Netflix subscription will expire. Update billing: http://netflix-billing.xyz/update,1
"IRS Notice: You owe $2,340 in back taxes. Pay immediately to avoid arrest: http://irs-payment.tk/pay",1
"Dear valued customer, your Apple ID has been locked. Please verify your credentials: http://apple-id.support-login.tk",1
"Your order #12345 has shipped! Expected delivery: Friday, September 6. Track at fedex.com/tracking.",0
"Your subscription has been renewed successfully. Next billing date: October 1, 2026. Act now.",0
FINAL NOTICE: Your account is suspended! Verify credit card details now to restore access. !,1
Security Alert: Unauthorized login from Russia. Verify your Google account: http://google-security.ml/verify,1
The project deadline has been moved to October 15. Please update your timelines accordingly.,0
"Dear account holder, unusual activity detected. Confirm your routing number and SSN.",1
"Dear valued customer, your Apple ID has been locked. Please verify your credentials: http://apple-id.support-login.tk",1
Your password will expire in 24 hours. Click to renew: http://office365.secure-portal.xyz/renew,1
Security Alert: Unauthorized login from Russia. Verify your Google account: http://google-security.ml/verify,1
Congratulations on completing the training module! Your certificate is attached.,0
Your monthly statement is ready. Log in at chase.com to view your transactions. !,0
FINAL NOTICE: Your account is suspended! Verify credit card details now to restore access.,1
Our offices will be closed on Monday for the public holiday. Regular hours resume Tuesday.,0
Your password will expire in 24 hours. Click to renew: http://office365.secure-portal.xyz/renew Please respond.,1
Our offices will be closed on Monday for the public holiday. Regular hours resume Tuesday.,0
Win a FREE iPhone 15! Limited time offer — click here to enter now!,1
Please find the updated project timeline in the shared drive. All milestones have been reviewed.,0
Please enter your username and password to access the secure portal immediately.,1
"Dear valued customer, your Apple ID has been locked. Please verify your credentials: http://apple-id.support-login.tk",1
FINAL NOTICE: Your account is suspended! Verify credit card details now to restore access. Please respond.,1
"Hi team, please find attached the Q3 financial report for your review. Let me know if you have questions. Please respond.",0
Happy to help! I have forwarded your request to the appropriate team. Expect a response within 2 business days. Act now.,0
FINAL NOTICE: Your account is suspended! Verify credit card details now to restore access.,1
"Your order #12345 has shipped! Expected delivery: Friday, September 6. Track at fedex.com/tracking.",0
"Your order #12345 has shipped! Expected delivery: Friday, September 6. Track at fedex.com/tracking.",0
Please find the updated project timeline in the shared drive. All milestones have been reviewed.,0
Following up on our meeting from last Tuesday — can we schedule a call this week to discuss the roadmap?,0
Welcome to the team! Your onboarding schedule is attached. Looking forward to working with you.,0
IMPORTANT: Your Netflix subscription will expire. Update billing: http://netflix-billing.xyz/update,1
Please review and sign the attached NDA before our partnership discussion next week.,0
"Your subscription has been renewed successfully. Next billing date: October 1, 2026.",0
Reminder: All hands meeting tomorrow at 2pm in Conference Room B. Agenda attached. Act now.,0
Happy to help! I have forwarded your request to the appropriate team. Expect a response within 2 business days.,0
Your session expired. Enter your login credentials to continue: http://bit.ly/secure-login,1
Please enter your username and password to access the secure portal immediately.,1
"Dear User, your DHL package is on hold. Confirm your address: http://dhl-delivery.cf/confirm Please respond.",1
Security Alert: Unauthorized login from Russia. Verify your Google account: http://google-security.ml/verify Act now.,1
"Dear User, your DHL package is on hold. Confirm your address: http://dhl-delivery.cf/confirm",1
Welcome to the team! Your onboarding schedule is attached. Looking forward to working with you.,0
Following up on our meeting from last Tuesday — can we schedule a call this week to discuss the roadmap?,0
Security Alert: Unauthorized login from Russia. Verify your Google account: http://google-security.ml/verify Please respond.,1
Reminder: All hands meeting tomorrow at 2pm in Conference Room B. Agenda attached.,0
Congratulations on completing the training module! Your certificate is attached.,0
Please review and sign the attached NDA before our partnership discussion next week.,0
FINAL NOTICE: Your account is suspended! Verify credit card details now to restore access.,1
Please review and sign the attached NDA before our partnership discussion next week.,0
IMPORTANT: Your Netflix subscription will expire. Update billing: http://netflix-billing.xyz/update Act now.,1
Win a FREE iPhone 15! Limited time offer — click here to enter now!,1
Action Required: Your Microsoft account shows suspicious activity. Update your password now: http://microsoft-secure.cf/update,1
Please enter your username and password to access the secure portal immediately.,1
Happy to help! I have forwarded your request to the appropriate team. Expect a response within 2 business days.,0
"IRS Notice: You owe $2,340 in back taxes. Pay immediately to avoid arrest: http://irs-payment.tk/pay",1
"Dear account holder, unusual activity detected. Confirm your routing number and SSN.",1
The server maintenance window is scheduled for this Saturday 2am-4am UTC. Please respond.,0
